{
	"class_name" : "PinholeCameraParameters",
	"extrinsic" : 
	[
		0.26145633140176205,
		0.0752265287244685,
		0.96227935452549263,
		0.0,
		0.17615682368289481,
		0.97649525674997173,
		-0.12420059184545199,
		0.0,
		-0.94900440475262571,
		0.20198510569067654,
		0.24205920110427692,
		0.0,
		-2.2736353140733554,
		-0.32137211846089714,
		-1.6738436093663021,
		1.0
	],
	"intrinsic" : 
	{
		"height" : 1080,
		"intrinsic_matrix" : 
		[
			935.30743608719376,
			0.0,
			0.0,
			0.0,
			935.30743608719376,
			0.0,
			959.5,
			539.5,
			1.0
		],
		"width" : 1920
	},
	"version_major" : 1,
	"version_minor" : 0
}