{
	"class_name" : "PinholeCameraParameters",
	"extrinsic" : 
	[
		-0.16934623209647334,
		0.23952427507623694,
		-0.95600730924189625,
		0.0,
		-0.09730418716053181,
		-0.96934180421124083,
		-0.22562881413845357,
		0.0,
		-0.98074142812249732,
		0.054814124618567293,
		0.18746109704827987,
		0.0,
		-1.0586406175436127,
		-0.10967824921980548,
		12.981829449486698,
		1.0
	],
	"intrinsic" : 
	{
		"height" : 1080,
		"intrinsic_matrix" : 
		[
			935.30743608719376,
			0.0,
			0.0,
			0.0,
			935.30743608719376,
			0.0,
			959.5,
			539.5,
			1.0
		],
		"width" : 1920
	},
	"version_major" : 1,
	"version_minor" : 0
}